dt_index,date,time,lastPx,size,volume,SP5,SP4,SP3,SP2,SP1,BP1,BP2,BP3,BP4,BP5,SV5,SV4,SV3,SV2,SV1,BV1,BV2,BV3,BV4,BV5,minute_ret,abnormal_day
2024-02-20 09:01:00,2024-02-20,90059623.0,140.6,0.0,158000.0,140.8,140.75,140.7,140.65,140.6,140.55,140.5,140.4,140.3,140.2,38000.0,15000.0,1000.0,23000.0,12000.0,28000.0,102000.0,6000.0,22000.0,7000.0,,True
2024-02-20 09:02:00,2024-02-20,90159600.0,140.55,0.0,192000.0,140.8,140.75,140.7,140.65,140.6,140.55,140.5,140.45,140.4,140.35,68000.0,44000.0,21000.0,22000.0,4000.0,2000.0,105000.0,1000.0,17000.0,21000.0,-0.00035561877667134034,True
2024-02-20 09:03:00,2024-02-20,90259655.0,140.5,0.0,216000.0,140.85,140.8,140.75,140.7,140.65,140.5,140.45,140.4,140.35,140.3,263000.0,248000.0,244000.0,21000.0,2000.0,4000.0,304000.0,222000.0,231000.0,64000.0,-0.0003557452863750532,True
2024-02-20 09:04:00,2024-02-20,90359966.0,140.75,0.0,247000.0,141.0,140.95,140.9,140.85,140.8,140.75,140.7,140.65,140.6,140.55,95000.0,353000.0,231000.0,243000.0,228000.0,37000.0,50000.0,50000.0,51000.0,270000.0,0.001779359430605032,True
2024-02-20 09:05:00,2024-02-20,90459980.0,140.8,0.0,253000.0,141.0,140.95,140.9,140.85,140.8,140.75,140.7,140.65,140.6,140.55,200000.0,254000.0,252000.0,33000.0,23000.0,89000.0,50000.0,52000.0,251000.0,371000.0,0.000355239786856254,True
2024-02-20 09:06:00,2024-02-20,90559684.0,140.9,0.0,528000.0,141.1,141.05,141.0,140.95,140.8,140.75,140.7,140.65,140.6,140.55,236000.0,273000.0,286000.0,262000.0,1000.0,56000.0,353000.0,253000.0,272000.0,294000.0,0.0007102272727272929,True
2024-02-20 09:07:00,2024-02-20,90659671.0,140.9,0.0,534000.0,141.1,141.05,141.0,140.95,140.9,140.85,140.8,140.75,140.7,140.65,422000.0,243000.0,73000.0,24000.0,4000.0,5000.0,363000.0,264000.0,281000.0,293000.0,0.0,True
2024-02-20 09:08:00,2024-02-20,90759406.0,140.9,0.0,539000.0,141.15,141.1,141.05,141.0,140.95,140.9,140.85,140.8,140.75,140.7,284000.0,413000.0,253000.0,73000.0,23000.0,3000.0,7000.0,68000.0,264000.0,287000.0,0.0,True
2024-02-20 09:09:00,2024-02-20,90859287.0,140.95,0.0,564000.0,141.2,141.15,141.1,141.05,141.0,140.9,140.85,140.8,140.75,140.7,314000.0,284000.0,405000.0,55000.0,61000.0,52000.0,261000.0,369000.0,284000.0,309000.0,0.0003548616039743546,True
2024-02-20 09:10:00,2024-02-20,90959497.0,140.95,3000.0,579000.0,141.15,141.1,141.05,141.0,140.95,140.9,140.85,140.8,140.75,140.7,284000.0,419000.0,255000.0,60000.0,1000.0,6000.0,12000.0,369000.0,284000.0,310000.0,0.0,True
2024-02-20 09:11:00,2024-02-20,91059083.0,140.95,0.0,582000.0,141.2,141.15,141.1,141.05,141.0,140.95,140.9,140.85,140.8,140.75,327000.0,264000.0,409000.0,37000.0,62000.0,3000.0,59000.0,362000.0,290000.0,284000.0,0.0,True
2024-02-20 09:12:00,2024-02-20,91159375.0,141.0,0.0,629000.0,141.25,141.2,141.15,141.1,141.05,141.0,140.95,140.9,140.85,140.8,307000.0,297000.0,246000.0,394000.0,17000.0,2000.0,6000.0,10000.0,312000.0,241000.0,0.0003547357218873781,True
2024-02-20 09:13:00,2024-02-20,91256607.0,141.0,0.0,650000.0,141.25,141.2,141.15,141.1,141.05,141.0,140.95,140.9,140.85,140.8,267000.0,279000.0,236000.0,146000.0,39000.0,47000.0,60000.0,258000.0,383000.0,291000.0,0.0,True
2024-02-20 09:14:00,2024-02-20,91359776.0,141.05,0.0,696000.0,141.3,141.25,141.2,141.15,141.1,141.05,141.0,140.95,140.9,140.85,296000.0,249000.0,49000.0,37000.0,126000.0,5000.0,52000.0,360000.0,280000.0,283000.0,0.00035460992907809796,True
2024-02-20 09:15:00,2024-02-20,91459530.0,141.05,0.0,700000.0,141.3,141.25,141.2,141.15,141.1,141.05,141.0,140.95,140.9,140.85,336000.0,309000.0,311000.0,16000.0,302000.0,5000.0,3000.0,157000.0,260000.0,284000.0,0.0,True
2024-02-20 09:16:00,2024-02-20,91559381.0,141.1,0.0,706000.0,141.3,141.25,141.2,141.15,141.1,141.05,141.0,140.95,140.9,140.85,336000.0,279000.0,333000.0,16000.0,282000.0,6000.0,56000.0,257000.0,379000.0,284000.0,0.00035448422545192315,True
2024-02-20 09:17:00,2024-02-20,91658192.0,141.1,0.0,766000.0,141.3,141.25,141.2,141.15,141.1,141.05,141.0,140.95,140.9,140.85,336000.0,279000.0,73000.0,17000.0,224000.0,10000.0,206000.0,308000.0,229000.0,305000.0,0.0,True
2024-02-20 09:18:00,2024-02-20,91759706.0,141.1,0.0,999000.0,141.35,141.3,141.25,141.2,141.15,141.05,141.0,140.95,140.9,140.85,308000.0,317000.0,239000.0,73000.0,17000.0,157000.0,256000.0,258000.0,279000.0,305000.0,0.0,True
2024-02-20 09:19:00,2024-02-20,91858501.0,141.1,0.0,1018000.0,141.35,141.3,141.25,141.2,141.15,141.1,141.05,141.0,140.95,140.9,308000.0,327000.0,40000.0,75000.0,16000.0,52000.0,348000.0,257000.0,258000.0,279000.0,0.0,True
2024-02-20 09:20:00,2024-02-20,91959777.0,141.25,0.0,1100000.0,141.5,141.45,141.4,141.35,141.3,141.2,141.15,141.1,141.05,141.0,330000.0,290000.0,308000.0,31000.0,57000.0,1000.0,252000.0,264000.0,250000.0,286000.0,0.001063075832742788,True
2024-02-20 09:21:00,2024-02-20,92059687.0,141.15,0.0,1165000.0,141.4,141.35,141.3,141.25,141.2,141.15,141.1,141.05,141.0,140.95,320000.0,245000.0,81000.0,15000.0,39000.0,20000.0,208000.0,209000.0,239000.0,48000.0,-0.000707964601769917,True
2024-02-20 09:22:00,2024-02-20,92159199.0,141.15,0.0,1289000.0,141.4,141.35,141.3,141.25,141.2,141.15,141.1,141.05,141.0,140.95,302000.0,255000.0,43000.0,24000.0,29000.0,18000.0,212000.0,209000.0,249000.0,48000.0,0.0,True
2024-02-20 09:23:00,2024-02-20,92258719.0,141.2,0.0,1354000.0,141.5,141.45,141.4,141.35,141.3,141.2,141.15,141.1,141.05,141.0,354000.0,270000.0,272000.0,16000.0,44000.0,2000.0,232000.0,333000.0,244000.0,253000.0,0.00035423308537008147,True
2024-02-20 09:24:00,2024-02-20,92359490.0,141.2,0.0,1394000.0,141.45,141.4,141.35,141.3,141.25,141.2,141.15,141.1,141.05,141.0,280000.0,84000.0,26000.0,53000.0,10000.0,286000.0,215000.0,213000.0,244000.0,258000.0,0.0,True
2024-02-20 09:25:00,2024-02-20,92457360.0,141.25,0.0,1425000.0,141.5,141.45,141.4,141.35,141.3,141.25,141.2,141.15,141.1,141.05,373000.0,283000.0,65000.0,26000.0,54000.0,21000.0,96000.0,214000.0,250000.0,244000.0,0.0003541076487252326,True
2024-02-20 09:26:00,2024-02-20,92559986.0,141.4,0.0,1559000.0,141.6,141.55,141.5,141.45,141.4,141.35,141.25,141.2,141.15,141.1,307000.0,306000.0,317000.0,233000.0,46000.0,72000.0,12000.0,375000.0,294000.0,299000.0,0.001061946902654931,True
2024-02-20 09:27:00,2024-02-20,92659565.0,141.4,0.0,1616000.0,141.65,141.6,141.55,141.5,141.45,141.4,141.35,141.3,141.25,141.2,294000.0,313000.0,286000.0,289000.0,33000.0,36000.0,962000.0,100000.0,250000.0,297000.0,0.0,True
2024-02-20 09:28:00,2024-02-20,92759856.0,141.45,0.0,1657000.0,141.65,141.6,141.55,141.5,141.45,141.4,141.35,141.3,141.25,141.2,295000.0,314000.0,239000.0,110000.0,6000.0,6000.0,962000.0,100000.0,250000.0,298000.0,0.00035360678925022704,True
2024-02-20 09:29:00,2024-02-20,92859901.0,141.4,0.0,1667000.0,141.65,141.6,141.55,141.5,141.45,141.4,141.35,141.3,141.25,141.2,296000.0,295000.0,260000.0,92000.0,12000.0,3000.0,1063000.0,250000.0,270000.0,298000.0,-0.0003534817956873937,True
2024-02-20 09:30:00,2024-02-20,92959720.0,141.45,1000.0,1709000.0,141.7,141.65,141.6,141.55,141.5,141.45,141.35,141.3,141.25,141.2,296000.0,308000.0,254000.0,50000.0,100000.0,24000.0,1313000.0,250000.0,270000.0,318000.0,0.00035360678925022704,True
2024-02-20 09:31:00,2024-02-20,93059988.0,141.45,0.0,1721000.0,141.7,141.65,141.6,141.55,141.5,141.45,141.4,141.35,141.3,141.25,298000.0,307000.0,298000.0,232000.0,215000.0,40000.0,15000.0,1063000.0,251000.0,270000.0,0.0,True
2024-02-20 09:32:00,2024-02-20,93159971.0,141.5,0.0,1885000.0,141.7,141.65,141.6,141.55,141.5,141.4,141.35,141.3,141.25,141.2,301000.0,307000.0,259000.0,57000.0,138000.0,110000.0,1217000.0,255000.0,274000.0,319000.0,0.00035348179568761573,True
2024-02-20 09:33:00,2024-02-20,93259955.0,141.45,0.0,1975000.0,141.7,141.65,141.6,141.55,141.5,141.45,141.4,141.35,141.3,141.25,262000.0,238000.0,79000.0,38000.0,80000.0,100000.0,261000.0,1222000.0,276000.0,279000.0,-0.0003533568904594553,True
2024-02-20 09:34:00,2024-02-20,93359970.0,141.5,0.0,1979000.0,141.7,141.65,141.6,141.55,141.5,141.45,141.4,141.35,141.3,141.25,261000.0,258000.0,60000.0,58000.0,99000.0,500000.0,348000.0,1821000.0,777000.0,279000.0,0.00035348179568761573,True
2024-02-20 09:35:00,2024-02-20,93459537.0,141.4,3000.0,2095000.0,141.75,141.7,141.65,141.6,141.55,141.4,141.35,141.3,141.25,141.2,275000.0,304000.0,269000.0,257000.0,61000.0,195000.0,1722000.0,760000.0,279000.0,320000.0,-0.0007067137809186885,True
2024-02-20 09:36:00,2024-02-20,93559778.0,141.5,0.0,2107000.0,141.75,141.7,141.65,141.6,141.55,141.5,141.45,141.4,141.35,141.3,296000.0,304000.0,249000.0,70000.0,52000.0,22000.0,499000.0,347000.0,1822000.0,780000.0,0.0007072135785006761,True
2024-02-20 09:37:00,2024-02-20,93659098.0,141.6,0.0,2224000.0,141.85,141.8,141.75,141.7,141.65,141.6,141.55,141.5,141.45,141.4,291000.0,306000.0,226000.0,47000.0,27000.0,5000.0,1000.0,262000.0,749000.0,466000.0,0.0007067137809186885,True
2024-02-20 09:38:00,2024-02-20,93759743.0,141.7,0.0,2276000.0,141.85,141.8,141.75,141.7,141.65,141.6,141.55,141.5,141.45,141.4,252000.0,288000.0,45000.0,28000.0,1000.0,50000.0,773000.0,689000.0,779000.0,487000.0,0.0007062146892655718,True
2024-02-20 09:39:00,2024-02-20,93858842.0,141.7,0.0,2318000.0,141.95,141.9,141.85,141.8,141.75,141.7,141.65,141.6,141.55,141.5,297000.0,225000.0,223000.0,87000.0,5000.0,2000.0,152000.0,745000.0,782000.0,720000.0,0.0,True
2024-02-20 09:40:00,2024-02-20,93959453.0,141.65,0.0,2339000.0,142.0,141.95,141.9,141.85,141.8,141.65,141.6,141.55,141.5,141.45,655000.0,297000.0,258000.0,223000.0,66000.0,150000.0,745000.0,782000.0,723000.0,599000.0,-0.0003528581510231499,True
2024-02-20 09:41:00,2024-02-20,94059948.0,141.7,0.0,2361000.0,141.95,141.9,141.85,141.8,141.75,141.7,141.65,141.6,141.55,141.5,308000.0,258000.0,32000.0,81000.0,13000.0,13000.0,151000.0,763000.0,782000.0,715000.0,0.00035298270384731545,True
2024-02-20 09:42:00,2024-02-20,94159384.0,141.75,0.0,2410000.0,142.0,141.95,141.9,141.85,141.8,141.75,141.7,141.65,141.6,141.55,714000.0,264000.0,259000.0,13000.0,83000.0,91000.0,559000.0,340000.0,755000.0,802000.0,0.0003528581510232609,True
2024-02-20 09:43:00,2024-02-20,94259834.0,141.75,0.0,2464000.0,141.95,141.9,141.85,141.8,141.75,141.7,141.65,141.6,141.55,141.5,313000.0,270000.0,237000.0,80000.0,9000.0,97000.0,651000.0,753000.0,792000.0,301000.0,0.0,True
2024-02-20 09:44:00,2024-02-20,94359250.0,141.65,0.0,2478000.0,141.9,141.85,141.8,141.75,141.7,141.65,141.6,141.55,141.5,141.45,309000.0,267000.0,310000.0,27000.0,6000.0,1000.0,553000.0,882000.0,696000.0,281000.0,-0.0007054673721339499,True
2024-02-20 09:45:00,2024-02-20,94458975.0,141.65,0.0,2511000.0,141.85,141.8,141.75,141.7,141.65,141.6,141.55,141.5,141.45,141.4,308000.0,333000.0,250000.0,25000.0,16000.0,485000.0,582000.0,787000.0,261000.0,288000.0,0.0,True
2024-02-20 09:46:00,2024-02-20,94558263.0,141.6,0.0,2516000.0,141.85,141.8,141.75,141.7,141.65,141.6,141.55,141.5,141.45,141.4,311000.0,324000.0,40000.0,15000.0,43000.0,513000.0,786000.0,801000.0,763000.0,290000.0,-0.0003529827038475375,True
2024-02-20 09:47:00,2024-02-20,94657378.0,141.6,0.0,2541000.0,141.85,141.8,141.75,141.7,141.65,141.6,141.55,141.5,141.45,141.4,271000.0,327000.0,48000.0,27000.0,60000.0,491000.0,886000.0,701000.0,763000.0,290000.0,0.0,True
2024-02-20 09:48:00,2024-02-20,94758754.0,141.6,0.0,2568000.0,141.85,141.8,141.75,141.7,141.65,141.6,141.55,141.5,141.45,141.4,312000.0,368000.0,269000.0,31000.0,60000.0,1000.0,37000.0,277000.0,763000.0,512000.0,0.0,True
2024-02-20 09:49:00,2024-02-20,94859315.0,141.5,0.0,2610000.0,141.75,141.7,141.65,141.6,141.55,141.5,141.45,141.4,141.35,141.3,310000.0,271000.0,79000.0,47000.0,17000.0,25000.0,753000.0,383000.0,1842000.0,90000.0,-0.0007062146892654608,True
2024-02-20 09:50:00,2024-02-20,94958785.0,141.55,0.0,2640000.0,141.75,141.7,141.65,141.6,141.55,141.5,141.45,141.4,141.35,141.3,271000.0,72000.0,77000.0,47000.0,47000.0,256000.0,753000.0,492000.0,1743000.0,90000.0,0.0003533568904594553,True
2024-02-20 09:51:00,2024-02-20,95059558.0,141.5,10000.0,2729000.0,141.75,141.7,141.65,141.6,141.55,141.5,141.45,141.4,141.35,141.3,54000.0,73000.0,100000.0,68000.0,44000.0,470000.0,602000.0,141000.0,1545000.0,71000.0,-0.00035323207347237595,True
2024-02-20 09:52:00,2024-02-20,95158919.0,141.5,0.0,2853000.0,141.7,141.65,141.6,141.55,141.5,141.45,141.4,141.35,141.3,141.25,284000.0,98000.0,80000.0,10000.0,8000.0,802000.0,332000.0,1745000.0,71000.0,80000.0,0.0,True
2024-02-20 09:53:00,2024-02-20,95259163.0,141.5,0.0,2909000.0,141.75,141.7,141.65,141.6,141.55,141.5,141.45,141.4,141.35,141.3,252000.0,290000.0,98000.0,92000.0,11000.0,2000.0,659000.0,344000.0,1845000.0,272000.0,0.0,True
2024-02-20 09:54:00,2024-02-20,95359285.0,141.5,1000.0,2951000.0,141.7,141.65,141.6,141.55,141.5,141.45,141.4,141.35,141.3,141.25,292000.0,98000.0,62000.0,37000.0,3000.0,1035000.0,336000.0,1747000.0,274000.0,80000.0,0.0,True
2024-02-20 09:55:00,2024-02-20,95459734.0,141.5,1000.0,2974000.0,141.75,141.7,141.65,141.6,141.55,141.5,141.45,141.4,141.35,141.3,257000.0,294000.0,99000.0,64000.0,45000.0,49000.0,1079000.0,402000.0,1747000.0,274000.0,0.0,True
2024-02-20 09:56:00,2024-02-20,95559754.0,141.55,1000.0,2981000.0,141.75,141.7,141.65,141.6,141.55,141.5,141.45,141.4,141.35,141.3,297000.0,336000.0,102000.0,73000.0,45000.0,46000.0,979000.0,392000.0,1748000.0,373000.0,0.0003533568904594553,True
2024-02-20 09:57:00,2024-02-20,95659711.0,141.4,0.0,3022000.0,141.65,141.6,141.55,141.5,141.45,141.4,141.35,141.3,141.25,141.2,332000.0,354000.0,144000.0,49000.0,4000.0,182000.0,2012000.0,862000.0,270000.0,81000.0,-0.0010596962204169058,True
2024-02-20 09:58:00,2024-02-20,95759948.0,141.35,0.0,3055000.0,141.65,141.6,141.55,141.5,141.45,141.35,141.3,141.25,141.2,141.15,335000.0,354000.0,145000.0,50000.0,3000.0,1856000.0,1021000.0,769000.0,581000.0,92000.0,-0.0003536067892504491,True
2024-02-20 09:59:00,2024-02-20,95858793.0,141.4,0.0,3072000.0,141.6,141.55,141.5,141.45,141.4,141.35,141.3,141.25,141.2,141.15,355000.0,125000.0,55000.0,4000.0,4000.0,1615000.0,773000.0,768000.0,581000.0,92000.0,0.00035373187124165817,True
2024-02-20 10:00:00,2024-02-20,95959925.0,141.45,0.0,3130000.0,141.65,141.6,141.55,141.5,141.45,141.4,141.35,141.3,141.25,141.2,320000.0,348000.0,118000.0,36000.0,18000.0,1000.0,1468000.0,763000.0,868000.0,601000.0,0.00035360678925022704,True
2024-02-20 10:01:00,2024-02-20,100056904.0,141.45,12000.0,3154000.0,141.7,141.65,141.6,141.55,141.5,141.45,141.4,141.35,141.3,141.25,329000.0,319000.0,348000.0,119000.0,40000.0,39000.0,100000.0,1196000.0,1047000.0,768000.0,0.0,True
2024-02-20 10:02:00,2024-02-20,100200000.0,141.4,0.0,3212000.0,141.7,141.65,141.6,141.55,141.5,141.4,141.35,141.3,141.25,141.2,330000.0,324000.0,348000.0,140000.0,39000.0,103000.0,1313000.0,922000.0,769000.0,799000.0,-0.0003534817956873937,True
2024-02-20 10:03:00,2024-02-20,100259566.0,141.45,0.0,3231000.0,141.65,141.6,141.55,141.5,141.45,141.4,141.35,141.3,141.25,141.2,324000.0,358000.0,121000.0,50000.0,1000.0,108000.0,1185000.0,1048000.0,769000.0,780000.0,0.00035360678925022704,True
2024-02-20 10:04:00,2024-02-20,100359727.0,141.35,0.0,3250000.0,141.7,141.65,141.6,141.55,141.5,141.35,141.3,141.25,141.2,141.15,332000.0,324000.0,358000.0,121000.0,53000.0,1404000.0,923000.0,769000.0,800000.0,112000.0,-0.0007069635913750094,True
2024-02-20 10:05:00,2024-02-20,100458986.0,141.4,0.0,3254000.0,141.7,141.65,141.6,141.55,141.5,141.4,141.35,141.3,141.25,141.2,335000.0,324000.0,359000.0,141000.0,54000.0,10000.0,1404000.0,923000.0,769000.0,800000.0,0.00035373187124165817,True
2024-02-20 10:06:00,2024-02-20,100558478.0,141.4,0.0,3354000.0,141.75,141.7,141.65,141.6,141.55,141.4,141.35,141.3,141.25,141.2,306000.0,335000.0,324000.0,159000.0,78000.0,210000.0,1552000.0,775000.0,769000.0,602000.0,0.0,True
2024-02-20 10:07:00,2024-02-20,100659994.0,141.5,0.0,3371000.0,141.75,141.7,141.65,141.6,141.55,141.4,141.35,141.3,141.25,141.2,306000.0,355000.0,324000.0,160000.0,60000.0,326000.0,1327000.0,775000.0,870000.0,602000.0,0.0007072135785006761,True
2024-02-20 10:08:00,2024-02-20,100759722.0,141.4,0.0,3385000.0,141.7,141.65,141.6,141.55,141.5,141.4,141.35,141.3,141.25,141.2,335000.0,304000.0,343000.0,141000.0,41000.0,11000.0,1278000.0,1049000.0,770000.0,602000.0,-0.0007067137809186885,True
2024-02-20 10:09:00,2024-02-20,100859260.0,141.4,0.0,3424000.0,141.7,141.65,141.6,141.55,141.5,141.4,141.35,141.3,141.25,141.2,336000.0,321000.0,142000.0,87000.0,28000.0,838000.0,1305000.0,775000.0,918000.0,103000.0,0.0,True
2024-02-20 10:10:00,2024-02-20,100959599.0,141.45,0.0,3464000.0,141.7,141.65,141.6,141.55,141.5,141.45,141.4,141.35,141.3,141.25,336000.0,321000.0,104000.0,87000.0,27000.0,51000.0,243000.0,1453000.0,876000.0,770000.0,0.00035360678925022704,True
2024-02-20 10:11:00,2024-02-20,101059732.0,141.5,0.0,3501000.0,141.75,141.7,141.65,141.6,141.55,141.5,141.45,141.4,141.35,141.3,306000.0,358000.0,61000.0,83000.0,68000.0,67000.0,475000.0,891000.0,1180000.0,775000.0,0.00035348179568761573,True
2024-02-20 10:12:00,2024-02-20,101156566.0,141.55,0.0,3605000.0,141.8,141.75,141.7,141.65,141.6,141.5,141.45,141.4,141.35,141.3,370000.0,326000.0,358000.0,121000.0,83000.0,4000.0,375000.0,992000.0,1167000.0,795000.0,0.0003533568904594553,True
2024-02-20 10:13:00,2024-02-20,101259269.0,141.5,0.0,3617000.0,141.75,141.7,141.65,141.6,141.55,141.5,141.45,141.4,141.35,141.3,326000.0,360000.0,122000.0,81000.0,1000.0,224000.0,249000.0,892000.0,1167000.0,797000.0,-0.00035323207347237595,True
2024-02-20 10:14:00,2024-02-20,101353949.0,141.5,2000.0,3641000.0,141.8,141.75,141.7,141.65,141.6,141.5,141.45,141.4,141.35,141.3,375000.0,326000.0,361000.0,82000.0,60000.0,216000.0,249000.0,894000.0,1167000.0,807000.0,0.0,True
2024-02-20 10:15:00,2024-02-20,101458977.0,141.5,0.0,3666000.0,141.75,141.7,141.65,141.6,141.55,141.5,141.45,141.4,141.35,141.3,327000.0,162000.0,82000.0,133000.0,6000.0,432000.0,397000.0,744000.0,1161000.0,801000.0,0.0,True
2024-02-20 10:16:00,2024-02-20,101557354.0,141.5,0.0,3677000.0,141.75,141.7,141.65,141.6,141.55,141.5,141.45,141.4,141.35,141.3,327000.0,362000.0,82000.0,129000.0,11000.0,126000.0,249000.0,992000.0,1161000.0,801000.0,0.0,True
2024-02-20 10:17:00,2024-02-20,101659998.0,141.5,0.0,3711000.0,141.75,141.7,141.65,141.6,141.55,141.45,141.4,141.35,141.3,141.25,308000.0,363000.0,122000.0,149000.0,10000.0,423000.0,195000.0,1260000.0,781000.0,586000.0,0.0,True
2024-02-20 10:18:00,2024-02-20,101758333.0,141.55,0.0,3734000.0,141.75,141.7,141.65,141.6,141.55,141.45,141.4,141.35,141.3,141.25,309000.0,362000.0,123000.0,153000.0,14000.0,409000.0,343000.0,1112000.0,781000.0,586000.0,0.0003533568904594553,True
2024-02-20 10:19:00,2024-02-20,101858590.0,141.55,0.0,3830000.0,141.8,141.75,141.7,141.65,141.6,141.55,141.45,141.4,141.35,141.3,375000.0,329000.0,362000.0,123000.0,130000.0,25000.0,316000.0,343000.0,1212000.0,802000.0,0.0,True
2024-02-20 10:20:00,2024-02-20,101958055.0,141.6,0.0,3836000.0,141.8,141.75,141.7,141.65,141.6,141.55,141.5,141.45,141.4,141.35,376000.0,329000.0,362000.0,82000.0,133000.0,21000.0,1000.0,316000.0,455000.0,1112000.0,0.0003532320734720429,True
2024-02-20 10:21:00,2024-02-20,102059924.0,141.55,0.0,3852000.0,141.8,141.75,141.7,141.65,141.6,141.55,141.5,141.45,141.4,141.35,377000.0,331000.0,163000.0,82000.0,152000.0,7000.0,305000.0,211000.0,455000.0,1113000.0,-0.0003531073446326749,True
2024-02-20 10:22:00,2024-02-20,102159593.0,141.6,0.0,3882000.0,141.8,141.75,141.7,141.65,141.6,141.55,141.5,141.45,141.4,141.35,375000.0,131000.0,127000.0,82000.0,129000.0,200000.0,387000.0,359000.0,209000.0,1133000.0,0.0003532320734720429,True
2024-02-20 10:23:00,2024-02-20,102259672.0,141.55,1000.0,3899000.0,141.75,141.7,141.65,141.6,141.55,141.5,141.45,141.4,141.35,141.3,331000.0,369000.0,92000.0,152000.0,8000.0,206000.0,360000.0,208000.0,1108000.0,602000.0,-0.0003531073446326749,True
2024-02-20 10:24:00,2024-02-20,102359874.0,141.55,0.0,3942000.0,141.75,141.7,141.65,141.6,141.55,141.5,141.45,141.4,141.35,141.3,331000.0,370000.0,93000.0,103000.0,33000.0,101000.0,302000.0,356000.0,1105000.0,802000.0,0.0,True
2024-02-20 10:25:00,2024-02-20,102459947.0,141.45,0.0,3949000.0,141.75,141.7,141.65,141.6,141.55,141.5,141.45,141.4,141.35,141.3,312000.0,369000.0,93000.0,133000.0,31000.0,90000.0,520000.0,258000.0,1155000.0,802000.0,-0.0007064641469447519,True
2024-02-20 10:26:00,2024-02-20,102557979.0,141.55,0.0,3996000.0,141.8,141.75,141.7,141.65,141.6,141.55,141.5,141.45,141.4,141.35,377000.0,332000.0,369000.0,93000.0,110000.0,6000.0,242000.0,372000.0,258000.0,1155000.0,0.0007069635913752315,True
2024-02-20 10:27:00,2024-02-20,102657795.0,141.55,0.0,4032000.0,141.8,141.75,141.7,141.65,141.6,141.55,141.5,141.45,141.4,141.35,378000.0,332000.0,131000.0,95000.0,106000.0,2000.0,532000.0,272000.0,258000.0,1155000.0,0.0,True
2024-02-20 10:28:00,2024-02-20,102759612.0,141.6,0.0,4044000.0,141.8,141.75,141.7,141.65,141.6,141.55,141.5,141.45,141.4,141.35,379000.0,332000.0,134000.0,97000.0,110000.0,98000.0,427000.0,271000.0,757000.0,1176000.0,0.0003532320734720429,True
2024-02-20 10:29:00,2024-02-20,102858614.0,141.55,0.0,4058000.0,141.8,141.75,141.7,141.65,141.6,141.5,141.45,141.4,141.35,141.3,401000.0,332000.0,135000.0,78000.0,99000.0,578000.0,271000.0,758000.0,1155000.0,822000.0,-0.0003531073446326749,True
2024-02-20 10:30:00,2024-02-20,102959547.0,141.65,0.0,4180000.0,141.85,141.8,141.75,141.7,141.65,141.6,141.55,141.5,141.45,141.4,325000.0,402000.0,92000.0,115000.0,54000.0,108000.0,422000.0,251000.0,271000.0,778000.0,0.0007064641469445299,True
2024-02-20 10:31:00,2024-02-20,103059427.0,141.55,0.0,4238000.0,141.85,141.8,141.75,141.7,141.65,141.55,141.5,141.45,141.4,141.35,305000.0,405000.0,92000.0,134000.0,49000.0,510000.0,252000.0,271000.0,758000.0,1175000.0,-0.000705965407694964,True
2024-02-20 10:32:00,2024-02-20,103157357.0,141.65,0.0,4269000.0,141.85,141.8,141.75,141.7,141.65,141.6,141.55,141.5,141.45,141.4,325000.0,404000.0,92000.0,114000.0,17000.0,302000.0,201000.0,254000.0,272000.0,778000.0,0.0007064641469445299,True
2024-02-20 10:33:00,2024-02-20,103258229.0,141.65,0.0,4285000.0,141.85,141.8,141.75,141.7,141.65,141.6,141.55,141.5,141.45,141.4,325000.0,405000.0,92000.0,114000.0,13000.0,240000.0,252000.0,254000.0,272000.0,758000.0,0.0,True
2024-02-20 10:34:00,2024-02-20,103357426.0,141.65,0.0,4320000.0,141.9,141.85,141.8,141.75,141.7,141.65,141.6,141.55,141.5,141.45,304000.0,325000.0,410000.0,92000.0,115000.0,3000.0,2000.0,490000.0,254000.0,272000.0,0.0,True
2024-02-20 10:35:00,2024-02-20,103459824.0,141.65,0.0,4328000.0,141.85,141.8,141.75,141.7,141.65,141.6,141.55,141.5,141.45,141.4,325000.0,371000.0,92000.0,110000.0,7000.0,3000.0,440000.0,355000.0,771000.0,778000.0,0.0,True
2024-02-20 10:36:00,2024-02-20,103558053.0,141.65,1000.0,4366000.0,141.9,141.85,141.8,141.75,141.7,141.6,141.55,141.5,141.45,141.4,306000.0,325000.0,371000.0,93000.0,92000.0,281000.0,251000.0,256000.0,771000.0,778000.0,0.0,True
2024-02-20 10:37:00,2024-02-20,103658275.0,141.75,0.0,4484000.0,141.95,141.9,141.85,141.8,141.75,141.65,141.6,141.55,141.5,141.45,321000.0,326000.0,75000.0,175000.0,78000.0,542000.0,250000.0,750000.0,755000.0,791000.0,0.000705965407695075,True
2024-02-20 10:38:00,2024-02-20,103759984.0,141.65,0.0,4499000.0,141.95,141.9,141.85,141.8,141.75,141.65,141.6,141.55,141.5,141.45,332000.0,336000.0,279000.0,177000.0,77000.0,277000.0,301000.0,750000.0,758000.0,791000.0,-0.0007054673721339499,True
2024-02-20 10:39:00,2024-02-20,103859320.0,141.75,0.0,4518000.0,141.95,141.9,141.85,141.8,141.75,141.7,141.65,141.6,141.55,141.5,352000.0,327000.0,79000.0,162000.0,66000.0,230000.0,304000.0,250000.0,750000.0,778000.0,0.000705965407695075,True
2024-02-20 10:40:00,2024-02-20,103958571.0,141.7,0.0,4525000.0,141.95,141.9,141.85,141.8,141.75,141.7,141.65,141.6,141.55,141.5,352000.0,326000.0,81000.0,163000.0,66000.0,224000.0,307000.0,250000.0,750000.0,778000.0,-0.0003527336860671415,True
2024-02-20 10:41:00,2024-02-20,104053115.0,141.65,0.0,4551000.0,141.95,141.9,141.85,141.8,141.75,141.65,141.6,141.55,141.5,141.45,332000.0,336000.0,320000.0,181000.0,85000.0,259000.0,301000.0,750000.0,758000.0,791000.0,-0.0003528581510231499,True
2024-02-20 10:42:00,2024-02-20,104158743.0,141.7,0.0,4568000.0,141.95,141.9,141.85,141.8,141.75,141.65,141.6,141.55,141.5,141.45,332000.0,337000.0,280000.0,182000.0,96000.0,347000.0,250000.0,750000.0,760000.0,791000.0,0.00035298270384731545,True
2024-02-20 10:43:00,2024-02-20,104259152.0,141.7,0.0,4586000.0,141.95,141.9,141.85,141.8,141.75,141.7,141.65,141.6,141.55,141.5,352000.0,328000.0,80000.0,163000.0,79000.0,194000.0,342000.0,250000.0,750000.0,780000.0,0.0,True
2024-02-20 10:44:00,2024-02-20,104357875.0,141.75,0.0,4608000.0,141.95,141.9,141.85,141.8,141.75,141.7,141.65,141.6,141.55,141.5,333000.0,341000.0,280000.0,196000.0,100000.0,100000.0,217000.0,250000.0,750000.0,760000.0,0.0003528581510232609,True
2024-02-20 10:45:00,2024-02-20,104459995.0,141.75,0.0,4619000.0,141.95,141.9,141.85,141.8,141.75,141.7,141.65,141.6,141.55,141.5,333000.0,341000.0,80000.0,196000.0,78000.0,74000.0,442000.0,254000.0,750000.0,760000.0,0.0,True
2024-02-20 10:46:00,2024-02-20,104555113.0,141.7,0.0,4723000.0,141.95,141.9,141.85,141.8,141.75,141.7,141.65,141.6,141.55,141.5,333000.0,431000.0,80000.0,298000.0,22000.0,122000.0,392000.0,749000.0,750000.0,760000.0,-0.0003527336860671415,True
2024-02-20 10:47:00,2024-02-20,104658893.0,141.65,0.0,4752000.0,141.9,141.85,141.8,141.75,141.7,141.65,141.6,141.55,141.5,141.45,442000.0,330000.0,299000.0,22000.0,9000.0,89000.0,950000.0,750000.0,760000.0,791000.0,-0.0003528581510231499,True
2024-02-20 10:48:00,2024-02-20,104757419.0,141.7,0.0,4765000.0,141.9,141.85,141.8,141.75,141.7,141.65,141.6,141.55,141.5,141.45,422000.0,330000.0,301000.0,43000.0,30000.0,203000.0,850000.0,750000.0,761000.0,791000.0,0.00035298270384731545,True
2024-02-20 10:49:00,2024-02-20,104859243.0,141.65,0.0,4784000.0,141.9,141.85,141.8,141.75,141.7,141.65,141.6,141.55,141.5,141.45,435000.0,327000.0,304000.0,44000.0,31000.0,159000.0,255000.0,851000.0,761000.0,771000.0,-0.0003528581510231499,True
2024-02-20 10:50:00,2024-02-20,104959895.0,141.65,0.0,4836000.0,141.9,141.85,141.8,141.75,141.7,141.65,141.6,141.55,141.5,141.45,457000.0,76000.0,304000.0,24000.0,14000.0,212000.0,756000.0,750000.0,761000.0,792000.0,0.0,True
2024-02-20 10:51:00,2024-02-20,105058537.0,141.7,0.0,4849000.0,141.9,141.85,141.8,141.75,141.7,141.65,141.6,141.55,141.5,141.45,458000.0,76000.0,304000.0,28000.0,13000.0,322000.0,854000.0,750000.0,761000.0,793000.0,0.00035298270384731545,True
2024-02-20 10:52:00,2024-02-20,105159860.0,141.65,0.0,4891000.0,141.9,141.85,141.8,141.75,141.7,141.65,141.6,141.55,141.5,141.45,408000.0,76000.0,305000.0,31000.0,1000.0,318000.0,255000.0,850000.0,761000.0,793000.0,-0.0003528581510231499,True
2024-02-20 10:53:00,2024-02-20,105259969.0,141.7,1000.0,4932000.0,141.9,141.85,141.8,141.75,141.7,141.65,141.6,141.55,141.5,141.45,459000.0,76000.0,305000.0,46000.0,8000.0,356000.0,804000.0,751000.0,761000.0,793000.0,0.00035298270384731545,True
2024-02-20 10:54:00,2024-02-20,105358912.0,141.75,2000.0,4955000.0,141.95,141.9,141.85,141.8,141.75,141.7,141.65,141.6,141.55,141.5,335000.0,457000.0,77000.0,305000.0,43000.0,3000.0,401000.0,758000.0,751000.0,762000.0,0.0003528581510232609,True
2024-02-20 10:55:00,2024-02-20,105459961.0,141.75,0.0,4966000.0,141.95,141.9,141.85,141.8,141.75,141.7,141.65,141.6,141.55,141.5,336000.0,457000.0,77000.0,308000.0,90000.0,4000.0,302000.0,758000.0,850000.0,764000.0,0.0,True
2024-02-20 10:56:00,2024-02-20,105557704.0,141.7,0.0,4991000.0,141.95,141.9,141.85,141.8,141.75,141.65,141.6,141.55,141.5,141.45,336000.0,437000.0,280000.0,309000.0,138000.0,194000.0,758000.0,750000.0,763000.0,793000.0,-0.0003527336860671415,True
2024-02-20 10:57:00,2024-02-20,105658836.0,141.75,0.0,5005000.0,141.95,141.9,141.85,141.8,141.75,141.65,141.6,141.55,141.5,141.45,336000.0,458000.0,79000.0,311000.0,117000.0,394000.0,758000.0,750000.0,763000.0,806000.0,0.0003528581510232609,True
2024-02-20 10:58:00,2024-02-20,105759256.0,141.65,1000.0,5034000.0,141.95,141.9,141.85,141.8,141.75,141.65,141.6,141.55,141.5,141.45,336000.0,459000.0,79000.0,315000.0,115000.0,409000.0,758000.0,750000.0,763000.0,806000.0,-0.0007054673721339499,True
2024-02-20 10:59:00,2024-02-20,105858285.0,141.75,0.0,5050000.0,141.95,141.9,141.85,141.8,141.75,141.65,141.6,141.55,141.5,141.45,336000.0,463000.0,84000.0,315000.0,133000.0,408000.0,758000.0,750000.0,763000.0,806000.0,0.000705965407695075,True
2024-02-20 11:00:00,2024-02-20,105958151.0,141.7,0.0,5057000.0,141.95,141.9,141.85,141.8,141.75,141.7,141.65,141.6,141.55,141.5,337000.0,465000.0,84000.0,309000.0,132000.0,103000.0,344000.0,758000.0,751000.0,784000.0,-0.0003527336860671415,True
2024-02-20 11:01:00,2024-02-20,110059748.0,141.7,0.0,5079000.0,141.95,141.9,141.85,141.8,141.75,141.7,141.65,141.6,141.55,141.5,337000.0,225000.0,84000.0,313000.0,108000.0,290000.0,344000.0,759000.0,751000.0,784000.0,0.0,True
2024-02-20 11:02:00,2024-02-20,110158293.0,141.75,0.0,5206000.0,142.0,141.95,141.9,141.85,141.8,141.75,141.7,141.65,141.6,141.55,1338000.0,356000.0,465000.0,71000.0,302000.0,45000.0,39000.0,344000.0,796000.0,773000.0,0.0003528581510232609,True
2024-02-20 11:03:00,2024-02-20,110259931.0,141.7,0.0,5223000.0,141.95,141.9,141.85,141.8,141.75,141.7,141.65,141.6,141.55,141.5,357000.0,426000.0,91000.0,304000.0,12000.0,52000.0,260000.0,776000.0,872000.0,784000.0,-0.0003527336860671415,True
2024-02-20 11:04:00,2024-02-20,110359343.0,141.75,0.0,5244000.0,141.95,141.9,141.85,141.8,141.75,141.7,141.65,141.6,141.55,141.5,357000.0,466000.0,86000.0,306000.0,5000.0,22000.0,403000.0,726000.0,752000.0,784000.0,0.0003528581510232609,True
2024-02-20 11:05:00,2024-02-20,110459970.0,141.75,1000.0,5258000.0,141.95,141.9,141.85,141.8,141.75,141.7,141.65,141.6,141.55,141.5,357000.0,426000.0,87000.0,307000.0,4000.0,52000.0,358000.0,261000.0,772000.0,788000.0,0.0,True
2024-02-20 11:06:00,2024-02-20,110556907.0,141.75,0.0,5279000.0,142.0,141.95,141.9,141.85,141.8,141.7,141.65,141.6,141.55,141.5,1148000.0,356000.0,466000.0,68000.0,309000.0,38000.0,358000.0,261000.0,773000.0,788000.0,0.0,True
2024-02-20 11:07:00,2024-02-20,110659191.0,141.7,0.0,5284000.0,141.95,141.9,141.85,141.8,141.75,141.7,141.65,141.6,141.55,141.5,357000.0,427000.0,86000.0,317000.0,1000.0,35000.0,368000.0,261000.0,773000.0,788000.0,-0.0003527336860671415,True
2024-02-20 11:08:00,2024-02-20,110759661.0,141.7,1000.0,5309000.0,142.0,141.95,141.9,141.85,141.8,141.7,141.65,141.6,141.55,141.5,1155000.0,356000.0,228000.0,66000.0,318000.0,245000.0,352000.0,272000.0,773000.0,788000.0,0.0,True
2024-02-20 11:09:00,2024-02-20,110858218.0,141.75,0.0,5318000.0,142.0,141.95,141.9,141.85,141.8,141.75,141.7,141.65,141.6,141.55,1162000.0,356000.0,228000.0,66000.0,326000.0,14000.0,48000.0,352000.0,272000.0,774000.0,0.0003528581510232609,True
2024-02-20 11:10:00,2024-02-20,110959207.0,141.8,0.0,5333000.0,142.0,141.95,141.9,141.85,141.8,141.75,141.7,141.65,141.6,141.55,1165000.0,355000.0,430000.0,68000.0,326000.0,5000.0,30000.0,270000.0,272000.0,874000.0,0.0003527336860671415,True
2024-02-20 11:11:00,2024-02-20,111059683.0,141.75,0.0,5647000.0,142.0,141.95,141.9,141.85,141.8,141.75,141.7,141.65,141.6,141.55,1166000.0,105000.0,228000.0,70000.0,16000.0,26000.0,780000.0,308000.0,792000.0,874000.0,-0.00035260930888580955,True
2024-02-20 11:12:00,2024-02-20,111155986.0,141.75,0.0,5659000.0,142.0,141.95,141.9,141.85,141.8,141.75,141.7,141.65,141.6,141.55,1128000.0,105000.0,208000.0,50000.0,13000.0,222000.0,880000.0,308000.0,792000.0,774000.0,0.0,True
2024-02-20 11:13:00,2024-02-20,111259247.0,141.75,0.0,5693000.0,142.0,141.95,141.9,141.85,141.8,141.75,141.7,141.65,141.6,141.55,1179000.0,105000.0,211000.0,44000.0,1000.0,399000.0,780000.0,408000.0,795000.0,794000.0,0.0,True
2024-02-20 11:14:00,2024-02-20,111359533.0,141.8,0.0,5702000.0,142.05,142.0,141.95,141.9,141.85,141.75,141.7,141.65,141.6,141.55,643000.0,1183000.0,118000.0,206000.0,48000.0,422000.0,381000.0,328000.0,795000.0,794000.0,0.0003527336860671415,True
2024-02-20 11:15:00,2024-02-20,111459505.0,141.8,0.0,5710000.0,142.05,142.0,141.95,141.9,141.85,141.8,141.75,141.7,141.65,141.6,643000.0,1187000.0,120000.0,206000.0,52000.0,10000.0,441000.0,880000.0,329000.0,796000.0,0.0,True
2024-02-20 11:16:00,2024-02-20,111557265.0,141.75,0.0,5745000.0,142.0,141.95,141.9,141.85,141.8,141.75,141.7,141.65,141.6,141.55,1187000.0,121000.0,206000.0,54000.0,3000.0,542000.0,780000.0,309000.0,795000.0,794000.0,-0.00035260930888580955,True
2024-02-20 11:17:00,2024-02-20,111659836.0,141.8,0.0,5761000.0,142.0,141.95,141.9,141.85,141.8,141.75,141.7,141.65,141.6,141.55,1188000.0,321000.0,207000.0,50000.0,3000.0,177000.0,935000.0,309000.0,800000.0,775000.0,0.0003527336860671415,True
2024-02-20 11:18:00,2024-02-20,111759826.0,141.75,0.0,5787000.0,142.0,141.95,141.9,141.85,141.8,141.75,141.7,141.65,141.6,141.55,1187000.0,121000.0,207000.0,50000.0,2000.0,403000.0,389000.0,309000.0,800000.0,775000.0,-0.00035260930888580955,True
2024-02-20 11:19:00,2024-02-20,111858559.0,141.9,0.0,5843000.0,142.1,142.05,142.0,141.95,141.9,141.8,141.75,141.7,141.65,141.6,660000.0,602000.0,938000.0,101000.0,189000.0,503000.0,802000.0,783000.0,329000.0,302000.0,0.0010582010582012025,True
2024-02-20 11:20:00,2024-02-20,111958591.0,141.8,1000.0,5861000.0,142.1,142.05,142.0,141.95,141.9,141.8,141.75,141.7,141.65,141.6,661000.0,602000.0,945000.0,110000.0,188000.0,606000.0,809000.0,876000.0,329000.0,298000.0,-0.0007047216349541641,True
2024-02-20 11:21:00,2024-02-20,112059300.0,141.8,3000.0,5871000.0,142.05,142.0,141.95,141.9,141.85,141.8,141.75,141.7,141.65,141.6,643000.0,960000.0,110000.0,207000.0,1000.0,510000.0,952000.0,776000.0,329000.0,297000.0,0.0,True
2024-02-20 11:22:00,2024-02-20,112156969.0,141.8,0.0,5878000.0,142.1,142.05,142.0,141.95,141.9,141.85,141.8,141.75,141.7,141.65,662000.0,642000.0,1196000.0,78000.0,208000.0,3000.0,212000.0,952000.0,878000.0,330000.0,0.0,True
2024-02-20 11:23:00,2024-02-20,112257079.0,141.85,0.0,5899000.0,142.1,142.05,142.0,141.95,141.9,141.85,141.8,141.75,141.7,141.65,662000.0,642000.0,996000.0,79000.0,210000.0,1000.0,996000.0,952000.0,778000.0,330000.0,0.0003526093088856985,True
2024-02-20 11:24:00,2024-02-20,112359551.0,141.9,0.0,5906000.0,142.05,142.0,141.95,141.9,141.85,141.8,141.75,141.7,141.65,141.6,603000.0,997000.0,83000.0,209000.0,1000.0,645000.0,802000.0,778000.0,130000.0,95000.0,0.00035248501938678345,True
2024-02-20 11:25:00,2024-02-20,112458500.0,141.85,0.0,5943000.0,142.1,142.05,142.0,141.95,141.9,141.85,141.8,141.75,141.7,141.65,663000.0,592000.0,1005000.0,84000.0,208000.0,219000.0,895000.0,804000.0,778000.0,131000.0,-0.00035236081747713754,True
2024-02-20 11:26:00,2024-02-20,112559824.0,141.9,0.0,5946000.0,142.1,142.05,142.0,141.95,141.9,141.8,141.75,141.7,141.65,141.6,664000.0,642000.0,1009000.0,84000.0,210000.0,1013000.0,804000.0,878000.0,130000.0,95000.0,0.00035248501938678345,True
2024-02-20 11:27:00,2024-02-20,112659070.0,141.8,0.0,5959000.0,142.05,142.0,141.95,141.9,141.85,141.8,141.75,141.7,141.65,141.6,643000.0,1068000.0,104000.0,216000.0,2000.0,951000.0,954000.0,778000.0,130000.0,95000.0,-0.0007047216349541641,True
2024-02-20 11:28:00,2024-02-20,112757513.0,141.9,0.0,5983000.0,142.1,142.05,142.0,141.95,141.9,141.8,141.75,141.7,141.65,141.6,644000.0,642000.0,1070000.0,107000.0,217000.0,934000.0,954000.0,778000.0,130000.0,95000.0,0.000705218617771397,True
2024-02-20 11:29:00,2024-02-20,112859332.0,141.85,0.0,6003000.0,142.1,142.05,142.0,141.95,141.9,141.8,141.75,141.7,141.65,141.6,664000.0,602000.0,1070000.0,88000.0,202000.0,1066000.0,804000.0,778000.0,130000.0,95000.0,-0.00035236081747713754,True
2024-02-20 11:30:00,2024-02-20,112959580.0,141.9,1000.0,6055000.0,142.1,142.05,142.0,141.95,141.9,141.85,141.8,141.75,141.7,141.65,654000.0,582000.0,1066000.0,79000.0,205000.0,106000.0,998000.0,804000.0,798000.0,131000.0,0.00035248501938678345,True
2024-02-20 11:31:00,2024-02-20,113059862.0,141.85,0.0,6067000.0,142.1,142.05,142.0,141.95,141.9,141.85,141.8,141.75,141.7,141.65,655000.0,382000.0,1078000.0,80000.0,211000.0,102000.0,991000.0,804000.0,778000.0,131000.0,-0.00035236081747713754,True
2024-02-20 11:32:00,2024-02-20,113159827.0,141.85,0.0,6116000.0,142.1,142.05,142.0,141.95,141.9,141.85,141.8,141.75,141.7,141.65,655000.0,582000.0,1059000.0,83000.0,210000.0,115000.0,493000.0,805000.0,798000.0,131000.0,0.0,True
2024-02-20 11:33:00,2024-02-20,113259090.0,141.85,0.0,6141000.0,142.1,142.05,142.0,141.95,141.9,141.85,141.8,141.75,141.7,141.65,656000.0,382000.0,1060000.0,83000.0,210000.0,299000.0,492000.0,804000.0,778000.0,131000.0,0.0,True
2024-02-20 11:34:00,2024-02-20,113357766.0,141.9,0.0,6146000.0,142.1,142.05,142.0,141.95,141.9,141.85,141.8,141.75,141.7,141.65,657000.0,382000.0,1064000.0,85000.0,213000.0,297000.0,492000.0,804000.0,778000.0,131000.0,0.00035248501938678345,True
2024-02-20 11:35:00,2024-02-20,113457856.0,141.85,0.0,6169000.0,142.1,142.05,142.0,141.95,141.9,141.85,141.8,141.75,141.7,141.65,659000.0,382000.0,1066000.0,85000.0,220000.0,429000.0,393000.0,804000.0,778000.0,131000.0,-0.00035236081747713754,True
2024-02-20 11:36:00,2024-02-20,113559564.0,141.85,0.0,6176000.0,142.1,142.05,142.0,141.95,141.9,141.85,141.8,141.75,141.7,141.65,659000.0,632000.0,1067000.0,85000.0,246000.0,221000.0,250000.0,954000.0,778000.0,131000.0,0.0,True
2024-02-20 11:37:00,2024-02-20,113657751.0,141.85,0.0,6242000.0,142.1,142.05,142.0,141.95,141.9,141.85,141.8,141.75,141.7,141.65,658000.0,592000.0,1071000.0,86000.0,249000.0,164000.0,403000.0,804000.0,778000.0,131000.0,0.0,True
2024-02-20 11:38:00,2024-02-20,113759313.0,141.9,0.0,6261000.0,142.1,142.05,142.0,141.95,141.9,141.8,141.75,141.7,141.65,141.6,664000.0,632000.0,1271000.0,88000.0,250000.0,158000.0,954000.0,778000.0,130000.0,595000.0,0.00035248501938678345,True
2024-02-20 11:39:00,2024-02-20,113858852.0,141.85,0.0,6558000.0,142.1,142.05,142.0,141.95,141.9,141.85,141.8,141.75,141.7,141.65,664000.0,582000.0,1076000.0,93000.0,71000.0,501000.0,996000.0,804000.0,798000.0,127000.0,-0.00035236081747713754,True
2024-02-20 11:40:00,2024-02-20,113959867.0,141.9,0.0,6673000.0,142.15,142.1,142.05,142.0,141.95,141.9,141.85,141.8,141.75,141.7,361000.0,663000.0,382000.0,1068000.0,99000.0,140000.0,381000.0,747000.0,924000.0,800000.0,0.00035248501938678345,True
2024-02-20 11:41:00,2024-02-20,114059532.0,141.95,0.0,6687000.0,142.15,142.1,142.05,142.0,141.95,141.9,141.85,141.8,141.75,141.7,361000.0,663000.0,382000.0,1073000.0,99000.0,132000.0,382000.0,747000.0,924000.0,800000.0,0.0003523608174769155,True
2024-02-20 11:42:00,2024-02-20,114159961.0,141.85,0.0,6705000.0,142.1,142.05,142.0,141.95,141.9,141.85,141.8,141.75,141.7,141.65,665000.0,594000.0,1302000.0,106000.0,42000.0,19000.0,129000.0,505000.0,779000.0,826000.0,-0.0007044734061288915,True
2024-02-20 11:43:00,2024-02-20,114259989.0,141.9,0.0,6713000.0,142.1,142.05,142.0,141.95,141.9,141.85,141.8,141.75,141.7,141.65,666000.0,634000.0,1110000.0,107000.0,24000.0,245000.0,747000.0,955000.0,778000.0,826000.0,0.00035248501938678345,True
2024-02-20 11:44:00,2024-02-20,114358954.0,141.85,0.0,6726000.0,142.1,142.05,142.0,141.95,141.9,141.85,141.8,141.75,141.7,141.65,666000.0,391000.0,1121000.0,117000.0,46000.0,365000.0,997000.0,756000.0,758000.0,787000.0,-0.00035236081747713754,True
2024-02-20 11:45:00,2024-02-20,114459948.0,141.85,0.0,6745000.0,142.1,142.05,142.0,141.95,141.9,141.85,141.8,141.75,141.7,141.65,666000.0,406000.0,1140000.0,120000.0,51000.0,458000.0,897000.0,756000.0,758000.0,287000.0,0.0,True
2024-02-20 11:46:00,2024-02-20,114556394.0,141.9,0.0,6754000.0,142.1,142.05,142.0,141.95,141.9,141.85,141.8,141.75,141.7,141.65,666000.0,406000.0,1135000.0,121000.0,62000.0,447000.0,897000.0,757000.0,757000.0,287000.0,0.00035248501938678345,True
2024-02-20 11:47:00,2024-02-20,114657895.0,141.9,0.0,6845000.0,142.15,142.1,142.05,142.0,141.95,141.9,141.85,141.8,141.75,141.7,361000.0,667000.0,646000.0,1114000.0,119000.0,94000.0,38000.0,897000.0,857000.0,778000.0,0.0,True
2024-02-20 11:48:00,2024-02-20,114758488.0,141.9,0.0,6890000.0,142.15,142.1,142.05,142.0,141.95,141.9,141.85,141.8,141.75,141.7,361000.0,671000.0,406000.0,1119000.0,114000.0,55000.0,138000.0,897000.0,757000.0,778000.0,0.0,True
2024-02-20 11:49:00,2024-02-20,114859889.0,141.9,0.0,6902000.0,142.15,142.1,142.05,142.0,141.95,141.9,141.85,141.8,141.75,141.7,361000.0,671000.0,646000.0,1120000.0,118000.0,51000.0,137000.0,897000.0,757000.0,778000.0,0.0,True
2024-02-20 11:50:00,2024-02-20,114959837.0,141.9,0.0,6922000.0,142.15,142.1,142.05,142.0,141.95,141.9,141.85,141.8,141.75,141.7,362000.0,671000.0,606000.0,1142000.0,125000.0,33000.0,37000.0,997000.0,757000.0,778000.0,0.0,True
2024-02-20 11:51:00,2024-02-20,115058521.0,141.9,0.0,6933000.0,142.15,142.1,142.05,142.0,141.95,141.9,141.85,141.8,141.75,141.7,361000.0,671000.0,606000.0,1143000.0,134000.0,26000.0,37000.0,897000.0,757000.0,878000.0,0.0,True
2024-02-20 11:52:00,2024-02-20,115159346.0,141.9,0.0,6987000.0,142.15,142.1,142.05,142.0,141.95,141.9,141.85,141.8,141.75,141.7,361000.0,671000.0,407000.0,1149000.0,134000.0,126000.0,337000.0,897000.0,757000.0,778000.0,0.0,True
2024-02-20 11:53:00,2024-02-20,115259992.0,141.9,2000.0,7001000.0,142.15,142.1,142.05,142.0,141.95,141.9,141.85,141.8,141.75,141.7,361000.0,671000.0,607000.0,1154000.0,134000.0,113000.0,37000.0,401000.0,857000.0,778000.0,0.0,True
2024-02-20 11:54:00,2024-02-20,115358670.0,141.9,0.0,7031000.0,142.1,142.05,142.0,141.95,141.9,141.85,141.8,141.75,141.7,141.65,672000.0,657000.0,1174000.0,142000.0,7000.0,126000.0,201000.0,1007000.0,757000.0,786000.0,0.0,True
2024-02-20 11:55:00,2024-02-20,115459700.0,141.8,0.0,7253000.0,142.05,142.0,141.95,141.9,141.85,141.8,141.75,141.7,141.65,141.6,658000.0,1179000.0,162000.0,30000.0,1000.0,508000.0,908000.0,757000.0,785000.0,96000.0,-0.0007047216349541641,True
2024-02-20 11:56:00,2024-02-20,115559874.0,141.9,0.0,7261000.0,142.1,142.05,142.0,141.95,141.9,141.8,141.75,141.7,141.65,141.6,654000.0,657000.0,1388000.0,158000.0,44000.0,203000.0,1008000.0,757000.0,785000.0,96000.0,0.000705218617771397,True
2024-02-20 11:57:00,2024-02-20,115659612.0,141.9,0.0,7303000.0,142.05,142.0,141.95,141.9,141.85,141.8,141.75,141.7,141.65,141.6,639000.0,1442000.0,400000.0,112000.0,1000.0,51000.0,59000.0,533000.0,865000.0,596000.0,0.0,True
2024-02-20 11:58:00,2024-02-20,115758441.0,141.8,0.0,7310000.0,142.05,142.0,141.95,141.9,141.85,141.8,141.75,141.7,141.65,141.6,639000.0,1445000.0,401000.0,117000.0,1000.0,47000.0,184000.0,409000.0,865000.0,596000.0,-0.0007047216349541641,True
2024-02-20 11:59:00,2024-02-20,115856490.0,141.85,1000.0,7316000.0,142.05,142.0,141.95,141.9,141.85,141.8,141.75,141.7,141.65,141.6,641000.0,1441000.0,402000.0,118000.0,56000.0,1000.0,134000.0,509000.0,765000.0,576000.0,0.0003526093088856985,True
2024-02-20 12:00:00,2024-02-20,115954814.0,141.7,0.0,7336000.0,142.0,141.95,141.9,141.85,141.8,141.7,141.65,141.6,141.55,141.5,1425000.0,402000.0,363000.0,72000.0,1000.0,5000.0,490000.0,426000.0,57000.0,614000.0,-0.0010574550581600173,True
2024-02-20 12:01:00,2024-02-20,120058733.0,141.7,0.0,7341000.0,141.95,141.9,141.85,141.8,141.75,141.7,141.65,141.6,141.55,141.5,382000.0,363000.0,72000.0,45000.0,1000.0,1000.0,491000.0,426000.0,57000.0,594000.0,0.0,True
2024-02-20 12:02:00,2024-02-20,120159243.0,141.65,2000.0,7362000.0,142.0,141.95,141.9,141.85,141.8,141.65,141.6,141.55,141.5,141.45,1428000.0,403000.0,369000.0,75000.0,23000.0,530000.0,376000.0,57000.0,574000.0,593000.0,-0.0003528581510231499,True
2024-02-20 12:03:00,2024-02-20,120256593.0,141.65,0.0,7365000.0,141.9,141.85,141.8,141.75,141.7,141.65,141.6,141.55,141.5,141.45,371000.0,315000.0,43000.0,2000.0,3000.0,177000.0,426000.0,157000.0,576000.0,593000.0,0.0,True
2024-02-20 12:04:00,2024-02-20,120359985.0,141.6,0.0,7384000.0,141.95,141.9,141.85,141.8,141.75,141.6,141.55,141.5,141.45,141.4,380000.0,453000.0,315000.0,284000.0,42000.0,15000.0,375000.0,427000.0,253000.0,683000.0,-0.0003529827038475375,True
2024-02-20 12:05:00,2024-02-20,120459692.0,141.7,0.0,7405000.0,141.9,141.85,141.8,141.75,141.7,141.6,141.55,141.5,141.45,141.4,431000.0,390000.0,95000.0,42000.0,1000.0,300000.0,254000.0,277000.0,360000.0,603000.0,0.0007062146892655718,True
2024-02-20 12:06:00,2024-02-20,120557778.0,141.6,0.0,7414000.0,141.9,141.85,141.8,141.75,141.7,141.6,141.55,141.5,141.45,141.4,431000.0,390000.0,55000.0,28000.0,2000.0,494000.0,354000.0,276000.0,759000.0,604000.0,-0.0007057163020465218,True
2024-02-20 12:07:00,2024-02-20,120655492.0,141.6,0.0,7427000.0,141.9,141.85,141.8,141.75,141.7,141.65,141.6,141.55,141.5,141.45,433000.0,389000.0,55000.0,52000.0,5000.0,5000.0,516000.0,354000.0,276000.0,261000.0,0.0,True
2024-02-20 12:08:00,2024-02-20,120759479.0,141.6,0.0,7443000.0,141.9,141.85,141.8,141.75,141.7,141.6,141.55,141.5,141.45,141.4,485000.0,454000.0,56000.0,52000.0,3000.0,509000.0,358000.0,278000.0,260000.0,604000.0,0.0,True
2024-02-20 12:09:00,2024-02-20,120859470.0,141.65,0.0,7458000.0,141.9,141.85,141.8,141.75,141.7,141.65,141.6,141.55,141.5,141.45,506000.0,254000.0,59000.0,14000.0,3000.0,340000.0,360000.0,258000.0,278000.0,880000.0,0.0003531073446327859,True
2024-02-20 12:10:00,2024-02-20,120959680.0,141.65,0.0,7467000.0,141.95,141.9,141.85,141.8,141.75,141.7,141.65,141.6,141.55,141.5,387000.0,507000.0,214000.0,59000.0,14000.0,3000.0,337000.0,360000.0,258000.0,280000.0,0.0,True
2024-02-20 12:11:00,2024-02-20,121058581.0,141.7,0.0,7471000.0,141.95,141.9,141.85,141.8,141.75,141.7,141.65,141.6,141.55,141.5,387000.0,507000.0,216000.0,59000.0,16000.0,1000.0,457000.0,240000.0,358000.0,280000.0,0.00035298270384731545,True
2024-02-20 12:12:00,2024-02-20,121159120.0,141.65,0.0,7499000.0,141.9,141.85,141.8,141.75,141.7,141.65,141.6,141.55,141.5,141.45,508000.0,216000.0,59000.0,12000.0,9000.0,482000.0,293000.0,358000.0,279000.0,799000.0,-0.0003528581510231499,True
2024-02-20 12:13:00,2024-02-20,121258752.0,141.65,0.0,7523000.0,141.9,141.85,141.8,141.75,141.7,141.65,141.6,141.55,141.5,141.45,509000.0,216000.0,59000.0,14000.0,5000.0,465000.0,393000.0,258000.0,279000.0,799000.0,0.0,True
2024-02-20 12:14:00,2024-02-20,121357928.0,141.65,0.0,7545000.0,141.9,141.85,141.8,141.75,141.7,141.65,141.6,141.55,141.5,141.45,509000.0,256000.0,59000.0,16000.0,10000.0,444000.0,244000.0,358000.0,279000.0,799000.0,0.0,True
2024-02-20 12:15:00,2024-02-20,121459649.0,141.7,0.0,7565000.0,141.95,141.9,141.85,141.8,141.75,141.7,141.65,141.6,141.55,141.5,411000.0,509000.0,216000.0,19000.0,14000.0,207000.0,236000.0,394000.0,258000.0,320000.0,0.00035298270384731545,True
2024-02-20 12:16:00,2024-02-20,121559354.0,141.7,1000.0,7584000.0,141.9,141.85,141.8,141.75,141.7,141.65,141.6,141.55,141.5,141.45,510000.0,216000.0,49000.0,13000.0,2000.0,460000.0,293000.0,358000.0,301000.0,579000.0,0.0,True
2024-02-20 12:17:00,2024-02-20,121655519.0,141.8,0.0,7620000.0,142.0,141.95,141.9,141.85,141.8,141.75,141.7,141.65,141.6,141.55,1434000.0,410000.0,307000.0,226000.0,30000.0,8000.0,432000.0,357000.0,293000.0,58000.0,0.0007057163020467438,True
2024-02-20 12:18:00,2024-02-20,121757180.0,141.85,0.0,7806000.0,142.05,142.0,141.95,141.9,141.85,141.75,141.7,141.65,141.6,141.55,647000.0,1449000.0,209000.0,268000.0,46000.0,425000.0,363000.0,307000.0,293000.0,82000.0,0.0003526093088856985,True
2024-02-20 12:19:00,2024-02-20,121859601.0,141.75,0.0,7826000.0,142.0,141.95,141.9,141.85,141.8,141.75,141.7,141.65,141.6,141.55,1434000.0,409000.0,269000.0,94000.0,1000.0,211000.0,313000.0,307000.0,293000.0,82000.0,-0.0007049700387733449,True
2024-02-20 12:20:00,2024-02-20,121959979.0,141.9,0.0,7981000.0,142.1,142.05,142.0,141.95,141.9,141.75,141.7,141.65,141.6,141.55,634000.0,626000.0,1432000.0,197000.0,250000.0,202000.0,313000.0,317000.0,293000.0,82000.0,0.0010582010582012025,True
2024-02-20 12:21:00,2024-02-20,122059608.0,141.9,0.0,8263000.0,142.15,142.1,142.05,142.0,141.95,141.9,141.75,141.7,141.65,141.6,143000.0,653000.0,646000.0,1456000.0,178000.0,5000.0,400000.0,333000.0,337000.0,314000.0,0.0,True
2024-02-20 12:22:00,2024-02-20,122159752.0,141.95,0.0,8417000.0,142.15,142.1,142.05,142.0,141.95,141.9,141.8,141.75,141.7,141.65,123000.0,653000.0,648000.0,1483000.0,173000.0,7000.0,100000.0,297000.0,333000.0,338000.0,0.0003523608174769155,True
2024-02-20 12:23:00,2024-02-20,122258682.0,141.75,0.0,8576000.0,142.1,142.05,142.0,141.95,141.9,141.75,141.7,141.65,141.6,141.55,654000.0,648000.0,1492000.0,376000.0,2000.0,100000.0,324000.0,398000.0,313000.0,104000.0,-0.001408946812257783,True
2024-02-20 12:24:00,2024-02-20,122359995.0,141.8,0.0,8655000.0,142.1,142.05,142.0,141.95,141.9,141.8,141.75,141.7,141.65,141.6,635000.0,648000.0,1498000.0,399000.0,2000.0,1000.0,85000.0,324000.0,418000.0,315000.0,0.0003527336860671415,True
2024-02-20 12:25:00,2024-02-20,122458277.0,141.8,0.0,8658000.0,142.0,141.95,141.9,141.85,141.8,141.7,141.65,141.6,141.55,141.5,1458000.0,364000.0,21000.0,1000.0,1000.0,434000.0,388000.0,294000.0,84000.0,624000.0,0.0,True
2024-02-20 12:26:00,2024-02-20,122558632.0,141.9,0.0,8961000.0,142.1,142.05,142.0,141.95,141.9,141.7,141.65,141.6,141.55,141.5,737000.0,648000.0,1458000.0,364000.0,56000.0,333000.0,488000.0,294000.0,104000.0,604000.0,0.000705218617771397,True
2024-02-20 12:27:00,2024-02-20,122658816.0,141.8,0.0,9262000.0,142.05,142.0,141.95,141.9,141.85,141.8,141.75,141.7,141.65,141.6,649000.0,1508000.0,407000.0,423000.0,1000.0,1000.0,16000.0,119000.0,488000.0,315000.0,-0.0007047216349541641,True
2024-02-20 12:28:00,2024-02-20,122759802.0,141.75,0.0,9351000.0,142.05,142.0,141.95,141.9,141.85,141.75,141.7,141.65,141.6,141.55,649000.0,1512000.0,410000.0,514000.0,5000.0,4000.0,128000.0,479000.0,320000.0,84000.0,-0.00035260930888580955,True
2024-02-20 12:29:00,2024-02-20,122859008.0,141.9,0.0,9666000.0,142.1,142.05,142.0,141.95,141.9,141.7,141.65,141.6,141.55,141.5,658000.0,648000.0,1515000.0,353000.0,32000.0,420000.0,407000.0,315000.0,104000.0,609000.0,0.0010582010582012025,True
2024-02-20 12:30:00,2024-02-20,122959581.0,141.9,0.0,9776000.0,142.15,142.1,142.05,142.0,141.95,141.9,141.8,141.75,141.7,141.65,143000.0,657000.0,649000.0,1511000.0,349000.0,1000.0,3000.0,192000.0,327000.0,327000.0,0.0,True
2024-02-20 12:31:00,2024-02-20,123058814.0,141.9,0.0,10076000.0,142.2,142.15,142.1,142.05,142.0,141.9,141.8,141.75,141.7,141.65,148000.0,142000.0,658000.0,639000.0,1510000.0,3000.0,100000.0,312000.0,326000.0,327000.0,0.0,True
2024-02-20 12:32:00,2024-02-20,123159653.0,141.95,0.0,10102000.0,142.1,142.05,142.0,141.95,141.9,141.85,141.8,141.75,141.7,141.65,659000.0,649000.0,1536000.0,5000.0,1000.0,7000.0,1000.0,11000.0,507000.0,327000.0,0.0003523608174769155,True
2024-02-20 12:33:00,2024-02-20,123259911.0,141.9,0.0,10134000.0,142.1,142.05,142.0,141.95,141.9,141.85,141.8,141.75,141.7,141.65,659000.0,651000.0,1524000.0,34000.0,9000.0,7000.0,101000.0,211000.0,407000.0,327000.0,-0.00035223670306439026,True
2024-02-20 12:34:00,2024-02-20,123359737.0,141.95,0.0,10245000.0,142.15,142.1,142.05,142.0,141.95,141.75,141.7,141.65,141.6,141.55,243000.0,659000.0,631000.0,1520000.0,7000.0,230000.0,397000.0,426000.0,334000.0,580000.0,0.0003523608174769155,True
2024-02-20 12:35:00,2024-02-20,123458194.0,141.8,0.0,10297000.0,142.15,142.1,142.05,142.0,141.95,141.8,141.75,141.7,141.65,141.6,243000.0,660000.0,631000.0,1541000.0,22000.0,2000.0,8000.0,497000.0,326000.0,335000.0,-0.0010567101091931708,True
2024-02-20 12:36:00,2024-02-20,123559965.0,141.9,0.0,10394000.0,142.15,142.1,142.05,142.0,141.95,141.9,141.8,141.75,141.7,141.65,143000.0,660000.0,644000.0,1541000.0,20000.0,96000.0,3000.0,328000.0,397000.0,327000.0,0.000705218617771397,True
2024-02-20 12:37:00,2024-02-20,123659908.0,141.9,0.0,10477000.0,142.15,142.1,142.05,142.0,141.95,141.9,141.8,141.75,141.7,141.65,143000.0,660000.0,586000.0,1537000.0,13000.0,88000.0,3000.0,228000.0,497000.0,325000.0,0.0,True
2024-02-20 12:38:00,2024-02-20,123759965.0,141.9,0.0,10495000.0,142.15,142.1,142.05,142.0,141.95,141.9,141.8,141.75,141.7,141.65,245000.0,664000.0,588000.0,1544000.0,4000.0,90000.0,3000.0,228000.0,397000.0,426000.0,0.0,True
2024-02-20 12:39:00,2024-02-20,123859770.0,141.9,0.0,10553000.0,142.15,142.1,142.05,142.0,141.95,141.9,141.8,141.75,141.7,141.65,145000.0,625000.0,591000.0,1553000.0,18000.0,35000.0,22000.0,328000.0,398000.0,326000.0,0.0,True
2024-02-20 12:40:00,2024-02-20,123957917.0,142.0,0.0,10591000.0,142.2,142.15,142.1,142.05,142.0,141.95,141.9,141.8,141.75,141.7,172000.0,144000.0,607000.0,591000.0,1559000.0,8000.0,20000.0,22000.0,327000.0,399000.0,0.000704721634954053,True
2024-02-20 12:41:00,2024-02-20,124059665.0,141.9,0.0,10610000.0,142.15,142.1,142.05,142.0,141.95,141.9,141.85,141.8,141.75,141.7,445000.0,609000.0,601000.0,1559000.0,1000.0,13000.0,1000.0,23000.0,227000.0,549000.0,-0.0007042253521126751,True
2024-02-20 12:42:00,2024-02-20,124159886.0,141.95,0.0,10660000.0,142.15,142.1,142.05,142.0,141.95,141.9,141.85,141.8,141.75,141.7,345000.0,630000.0,601000.0,1570000.0,1000.0,1000.0,1000.0,103000.0,227000.0,399000.0,0.0003523608174769155,True
2024-02-20 12:43:00,2024-02-20,124259778.0,141.85,0.0,10679000.0,142.15,142.1,142.05,142.0,141.95,141.8,141.75,141.7,141.65,141.6,350000.0,636000.0,606000.0,1378000.0,4000.0,104000.0,319000.0,357000.0,326000.0,834000.0,-0.0007044734061288915,True
2024-02-20 12:44:00,2024-02-20,124356465.0,141.95,0.0,10717000.0,142.2,142.15,142.1,142.05,142.0,141.95,141.9,141.8,141.75,141.7,174000.0,350000.0,606000.0,606000.0,1388000.0,9000.0,16000.0,422000.0,319000.0,358000.0,0.0007049700387733449,True
2024-02-20 12:45:00,2024-02-20,124459956.0,142.0,1000.0,10900000.0,142.2,142.15,142.1,142.05,142.0,141.95,141.9,141.8,141.75,141.7,174000.0,351000.0,616000.0,606000.0,1248000.0,1000.0,1000.0,422000.0,319000.0,358000.0,0.0003522367030646123,True
2024-02-20 12:46:00,2024-02-20,124559687.0,141.85,0.0,11342000.0,142.2,142.15,142.1,142.05,142.0,141.85,141.8,141.75,141.7,141.65,175000.0,554000.0,657000.0,646000.0,924000.0,45000.0,563000.0,278000.0,357000.0,327000.0,-0.0010563380281690682,True
2024-02-20 12:47:00,2024-02-20,124659767.0,141.85,0.0,11364000.0,142.15,142.1,142.05,142.0,141.95,141.85,141.8,141.75,141.7,141.65,575000.0,672000.0,643000.0,1029000.0,12000.0,28000.0,563000.0,278000.0,357000.0,331000.0,0.0,True
2024-02-20 12:48:00,2024-02-20,124759780.0,141.95,0.0,11832000.0,142.2,142.15,142.1,142.05,142.0,141.85,141.8,141.75,141.7,141.65,177000.0,574000.0,651000.0,644000.0,613000.0,202000.0,363000.0,278000.0,357000.0,331000.0,0.0007049700387733449,True
2024-02-20 12:49:00,2024-02-20,124859089.0,142.0,0.0,12140000.0,142.2,142.15,142.1,142.05,142.0,141.95,141.85,141.8,141.75,141.7,178000.0,574000.0,643000.0,651000.0,670000.0,9000.0,90000.0,473000.0,279000.0,361000.0,0.0003522367030646123,True
2024-02-20 12:50:00,2024-02-20,124957384.0,141.95,0.0,12154000.0,142.2,142.15,142.1,142.05,142.0,141.95,141.85,141.8,141.75,141.7,188000.0,574000.0,653000.0,653000.0,783000.0,2000.0,191000.0,372000.0,279000.0,360000.0,-0.00035211267605639307,True
2024-02-20 12:51:00,2024-02-20,125059354.0,141.85,0.0,12459000.0,142.2,142.15,142.1,142.05,142.0,141.85,141.8,141.75,141.7,141.65,290000.0,574000.0,653000.0,653000.0,622000.0,75000.0,352000.0,379000.0,359000.0,331000.0,-0.0007044734061288915,True
2024-02-20 12:52:00,2024-02-20,125159852.0,141.85,0.0,12557000.0,142.2,142.15,142.1,142.05,142.0,141.85,141.8,141.75,141.7,141.65,291000.0,574000.0,673000.0,653000.0,780000.0,14000.0,260000.0,370000.0,459000.0,331000.0,0.0,True
2024-02-20 12:53:00,2024-02-20,125259503.0,141.95,0.0,12568000.0,142.2,142.15,142.1,142.05,142.0,141.95,141.85,141.8,141.75,141.7,192000.0,574000.0,673000.0,655000.0,842000.0,7000.0,14000.0,371000.0,379000.0,360000.0,0.0007049700387733449,True
2024-02-20 12:54:00,2024-02-20,125358982.0,141.95,0.0,12596000.0,142.2,142.15,142.1,142.05,142.0,141.95,141.85,141.8,141.75,141.7,393000.0,574000.0,643000.0,459000.0,812000.0,14000.0,209000.0,471000.0,279000.0,859000.0,0.0,True
2024-02-20 12:55:00,2024-02-20,125459979.0,141.95,0.0,12600000.0,142.2,142.15,142.1,142.05,142.0,141.95,141.9,141.85,141.8,141.75,493000.0,574000.0,649000.0,661000.0,817000.0,14000.0,2000.0,8000.0,371000.0,280000.0,0.0,True
2024-02-20 12:56:00,2024-02-20,125559074.0,141.95,0.0,12629000.0,142.15,142.1,142.05,142.0,141.9,141.8,141.75,141.7,141.65,141.6,575000.0,680000.0,675000.0,827000.0,1000.0,350000.0,360000.0,777000.0,450000.0,615000.0,0.0,True
2024-02-20 12:57:00,2024-02-20,125659765.0,141.9,0.0,12649000.0,142.1,142.05,142.0,141.95,141.9,141.8,141.75,141.7,141.65,141.6,682000.0,685000.0,1238000.0,43000.0,3000.0,2000.0,220000.0,430000.0,426000.0,136000.0,-0.00035223670306439026,True
2024-02-20 12:58:00,2024-02-20,125759781.0,141.75,0.0,12667000.0,142.1,142.05,142.0,141.95,141.9,141.75,141.7,141.65,141.6,141.55,682000.0,790000.0,1323000.0,256000.0,63000.0,1000.0,8000.0,509000.0,315000.0,202000.0,-0.0010570824524313016,True
2024-02-20 12:59:00,2024-02-20,125859609.0,141.9,0.0,12673000.0,142.1,142.05,142.0,141.95,141.9,141.7,141.65,141.6,141.55,141.5,682000.0,790000.0,1327000.0,262000.0,74000.0,247000.0,428000.0,388000.0,101000.0,600000.0,0.0010582010582012025,True
2024-02-20 13:00:00,2024-02-20,125959645.0,141.85,0.0,12678000.0,142.1,142.05,142.0,141.95,141.9,141.85,141.7,141.65,141.6,141.55,677000.0,792000.0,1328000.0,263000.0,67000.0,11000.0,245000.0,367000.0,359000.0,202000.0,-0.00035236081747713754,True
2024-02-20 13:01:00,2024-02-20,130059419.0,141.9,0.0,12724000.0,142.1,142.05,142.0,141.95,141.9,141.85,141.7,141.65,141.6,141.55,776000.0,696000.0,1334000.0,263000.0,65000.0,2000.0,242000.0,367000.0,459000.0,601000.0,0.00035248501938678345,True
2024-02-20 13:02:00,2024-02-20,130159784.0,141.85,0.0,12738000.0,142.05,142.0,141.95,141.9,141.85,141.7,141.65,141.6,141.55,141.5,697000.0,1327000.0,395000.0,59000.0,8000.0,243000.0,255000.0,451000.0,81000.0,731000.0,-0.00035236081747713754,True
2024-02-20 13:03:00,2024-02-20,130258090.0,141.7,7000.0,12762000.0,142.0,141.95,141.9,141.85,141.8,141.7,141.65,141.6,141.55,141.5,1330000.0,296000.0,64000.0,15000.0,1000.0,288000.0,255000.0,551000.0,81000.0,629000.0,-0.0010574550581600173,True
2024-02-20 13:04:00,2024-02-20,130357442.0,141.8,0.0,12779000.0,142.05,142.0,141.95,141.9,141.85,141.7,141.65,141.6,141.55,141.5,796000.0,1431000.0,297000.0,64000.0,16000.0,272000.0,257000.0,551000.0,81000.0,629000.0,0.0007057163020467438,True
2024-02-20 13:05:00,2024-02-20,130459408.0,141.85,0.0,12781000.0,142.05,142.0,141.95,141.9,141.85,141.8,141.7,141.65,141.6,141.55,696000.0,1546000.0,297000.0,274000.0,24000.0,7000.0,134000.0,257000.0,451000.0,182000.0,0.0003526093088856985,True
2024-02-20 13:06:00,2024-02-20,130558966.0,141.85,0.0,12798000.0,142.05,142.0,141.95,141.9,141.85,141.75,141.7,141.65,141.6,141.55,797000.0,1450000.0,297000.0,75000.0,27000.0,1000.0,132000.0,257000.0,553000.0,81000.0,0.0,True
2024-02-20 13:07:00,2024-02-20,130659912.0,141.7,0.0,12804000.0,142.0,141.95,141.9,141.85,141.8,141.7,141.65,141.6,141.55,141.5,1455000.0,299000.0,297000.0,30000.0,1000.0,129000.0,257000.0,454000.0,181000.0,631000.0,-0.0010574550581600173,True
2024-02-20 13:08:00,2024-02-20,130759247.0,141.7,0.0,12817000.0,142.0,141.95,141.9,141.85,141.8,141.7,141.65,141.6,141.55,141.5,1561000.0,299000.0,297000.0,32000.0,2000.0,180000.0,207000.0,434000.0,182000.0,612000.0,0.0,True
2024-02-20 13:09:00,2024-02-20,130859199.0,141.7,0.0,12822000.0,142.05,142.0,141.95,141.9,141.85,141.75,141.7,141.65,141.6,141.55,676000.0,1466000.0,398000.0,298000.0,42000.0,100000.0,179000.0,207000.0,433000.0,82000.0,0.0,True
2024-02-20 13:10:00,2024-02-20,130959937.0,141.85,0.0,12826000.0,142.0,141.95,141.9,141.85,141.8,141.75,141.7,141.65,141.6,141.55,1468000.0,301000.0,398000.0,49000.0,1000.0,98000.0,179000.0,257000.0,433000.0,82000.0,0.0010585744530700048,True
2024-02-20 13:11:00,2024-02-20,131058170.0,141.8,0.0,12848000.0,142.0,141.95,141.9,141.85,141.8,141.75,141.7,141.65,141.6,141.55,1469000.0,301000.0,301000.0,50000.0,5000.0,108000.0,180000.0,257000.0,443000.0,183000.0,-0.0003524850193865614,True
2024-02-20 13:12:00,2024-02-20,131159775.0,141.8,0.0,12854000.0,142.0,141.95,141.9,141.85,141.8,141.75,141.7,141.65,141.6,141.55,1451000.0,308000.0,302000.0,71000.0,2000.0,108000.0,180000.0,207000.0,543000.0,82000.0,0.0,True
2024-02-20 13:13:00,2024-02-20,131256354.0,141.8,0.0,12866000.0,142.0,141.95,141.9,141.85,141.8,141.75,141.7,141.65,141.6,141.55,1463000.0,408000.0,303000.0,71000.0,6000.0,137000.0,180000.0,207000.0,443000.0,82000.0,0.0,True
2024-02-20 13:14:00,2024-02-20,131359958.0,141.75,0.0,12870000.0,142.0,141.95,141.9,141.85,141.8,141.75,141.7,141.65,141.6,141.55,1467000.0,310000.0,303000.0,71000.0,12000.0,134000.0,180000.0,207000.0,543000.0,82000.0,-0.00035260930888580955,True
2024-02-20 13:15:00,2024-02-20,131459919.0,141.75,0.0,12888000.0,142.0,141.95,141.9,141.85,141.8,141.75,141.7,141.65,141.6,141.55,1470000.0,310000.0,404000.0,343000.0,5000.0,125000.0,180000.0,7000.0,393000.0,62000.0,0.0,True
2024-02-20 13:16:00,2024-02-20,131559963.0,141.75,0.0,12913000.0,142.0,141.95,141.9,141.85,141.8,141.75,141.7,141.65,141.6,141.55,1470000.0,412000.0,303000.0,114000.0,56000.0,74000.0,9000.0,7000.0,443000.0,62000.0,0.0,True
2024-02-20 13:17:00,2024-02-20,131659547.0,141.8,0.0,12955000.0,142.0,141.95,141.9,141.85,141.8,141.75,141.7,141.65,141.6,141.55,1473000.0,286000.0,402000.0,324000.0,60000.0,78000.0,10000.0,7000.0,443000.0,62000.0,0.0003527336860671415,True
2024-02-20 13:18:00,2024-02-20,131759365.0,141.75,1000.0,12972000.0,142.0,141.95,141.9,141.85,141.8,141.75,141.7,141.65,141.6,141.55,1476000.0,388000.0,290000.0,327000.0,170000.0,23000.0,50000.0,7000.0,443000.0,62000.0,-0.00035260930888580955,True
2024-02-20 13:19:00,2024-02-20,131859990.0,141.75,1000.0,12996000.0,142.0,141.95,141.9,141.85,141.8,141.75,141.7,141.65,141.6,141.55,1476000.0,387000.0,291000.0,326000.0,174000.0,1000.0,49000.0,7000.0,443000.0,263000.0,0.0,True
2024-02-20 13:20:00,2024-02-20,131959656.0,141.7,0.0,13016000.0,141.95,141.9,141.85,141.8,141.75,141.7,141.65,141.6,141.55,141.5,289000.0,291000.0,426000.0,175000.0,5000.0,38000.0,7000.0,443000.0,262000.0,297000.0,-0.0003527336860671415,True
2024-02-20 13:21:00,2024-02-20,132057826.0,141.75,0.0,13019000.0,141.95,141.9,141.85,141.8,141.75,141.7,141.65,141.6,141.55,141.5,378000.0,289000.0,328000.0,176000.0,8000.0,40000.0,7000.0,444000.0,262000.0,396000.0,0.0003528581510232609,True
2024-02-20 13:22:00,2024-02-20,132159909.0,141.7,0.0,13023000.0,141.95,141.9,141.85,141.8,141.75,141.7,141.65,141.6,141.55,141.5,277000.0,381000.0,314000.0,183000.0,34000.0,36000.0,7000.0,444000.0,262000.0,295000.0,-0.0003527336860671415,True
2024-02-20 13:23:00,2024-02-20,132259943.0,141.7,0.0,13068000.0,141.95,141.9,141.85,141.8,141.75,141.65,141.6,141.55,141.5,141.45,278000.0,381000.0,314000.0,359000.0,73000.0,6000.0,22000.0,12000.0,295000.0,441000.0,0.0,True
2024-02-20 13:24:00,2024-02-20,132358453.0,141.7,0.0,13076000.0,141.9,141.85,141.8,141.75,141.7,141.6,141.55,141.5,141.45,141.4,283000.0,405000.0,348000.0,269000.0,28000.0,23000.0,12000.0,296000.0,340000.0,363000.0,0.0,True
2024-02-20 13:25:00,2024-02-20,132459958.0,141.6,0.0,13093000.0,141.85,141.8,141.75,141.7,141.65,141.6,141.55,141.5,141.45,141.4,266000.0,312000.0,42000.0,41000.0,10000.0,5000.0,17000.0,248000.0,209000.0,213000.0,-0.0007057163020465218,True
